,targeted_productivity,smv,no_of_workers
982,0.7260273972602739,0.2500131841221147,0.2639259984143532
1208,0.5890410958904109,0.3114492099840457,0.4480507581919268
373,0.9315068493150683,0.0,0.015873015873015872
528,0.9999999999999999,0.1170523477870141,0.12698412698412698
503,0.9315068493150683,0.45046057065827894,0.5238095238095238
411,0.8630136986301368,0.45046057065827894,0.5079365079365079
516,0.9999999999999999,0.45046057065827894,0.5396825396825397
1220,0.8630136986301368,0.7435378237084458,0.4956415840552289
889,0.9315068493150683,0.28959784318130755,0.5079365079365079
282,0.38356164383561636,0.19636036845652657,0.09523809523809523
500,0.8630136986301368,0.030554931476072772,0.5079365079365079
286,0.9999999999999999,0.28016176140193205,0.5
248,0.9315068493150683,0.7396090766119972,0.492063492063492
1236,0.8813286837470595,0.45046057065827894,0.5079365079365079
1221,0.5890410958904109,0.2887123317827851,0.4444444444444444
135,0.9999999999999999,0.0350483037519658,0.08730158730158732
105,0.7260273972602739,0.05549314760727922,0.4285714285714285
912,0.9999999999999999,0.28016176140193205,0.47619047619047616
261,0.9315068493150683,0.28016176140193205,0.492063492063492
155,0.9999999999999999,0.030554931476072772,0.0714285714285714
76,0.9999999999999999,0.35609975286452467,0.4841269841269841
298,0.9999999999999999,0.28016176140193205,0.5
1245,0.7268345929022291,0.2803864300157267,0.25396825396825395
635,0.8630136986301368,0.37676926533363286,0.5079365079365079
532,0.9315068493150683,0.19636036845652657,0.11111111111111105
601,0.9999999999999999,0.1170523477870141,0.12698412698412698
336,0.9315068493150683,0.42844304650640297,0.5079365079365079
1045,0.8630136986301368,0.19636036845652657,0.39480760181463187
798,0.8630136986301368,0.28959784318130755,0.5048751882166241
419,0.9999999999999999,0.42844304650640297,0.5079365079365079
994,0.9311270268214448,0.45046057065827894,0.5317020205681992
535,0.8630136986301368,0.4556279487755559,0.5238095238095238
194,0.8630136986301368,0.28016176140193205,0.492063492063492
1155,0.9999999999999999,0.4784529882746824,0.4780826678371918
1227,0.6270443780832033,0.4556279487755559,0.4805940311112283
231,0.9315068493150683,0.28016176140193205,0.492063492063492
239,0.9315068493150683,0.28959784318130755,0.5158730158730158
634,0.9999999999999999,0.1170523477870141,0.12698412698412698
454,0.7945205479452054,0.030554931476072772,0.4285714285714285
71,0.9999999999999999,0.4893282408447539,0.46031746031746035
765,0.9999999999999999,0.36194113682318574,0.5238095238095238
979,0.9377600234385753,0.19636036845652657,0.12553497869518726
129,0.8630136986301368,0.2412940912154571,0.5079365079365079
348,0.8630136986301368,0.19636036845652657,0.11111111111111105
628,0.8630136986301368,0.37676926533363286,0.5238095238095238
616,0.8630136986301368,0.37676926533363286,0.5079365079365079
1108,0.8630136986301368,0.45046057065827894,0.5097999751935157
432,0.7945205479452054,0.45046057065827894,0.5238095238095238
705,0.9999999999999999,0.36194113682318574,0.5238095238095238
819,0.9999999999999999,0.35609975286452467,0.4841269841269841
652,0.7260273972602739,0.30015726802965614,0.19047619047619047
739,0.8630136986301368,0.28959784318130755,0.4841859236392429
1015,0.799140317474661,0.30416901858669143,0.4608527669454766
856,0.9999999999999999,0.28016176140193205,0.47619047619047616
943,0.9601249685516526,0.7210224086521865,0.4887474242789354
201,0.38356164383561636,0.28959784318130755,0.47619047619047616
793,0.9999999999999999,0.36194113682318574,0.5238095238095238
326,0.8630136986301368,0.19636036845652657,0.11111111111111105
498,0.9315068493150683,0.19636036845652657,0.11111111111111105
1061,0.9999999999999999,0.4313370302884853,0.5006342846859135
706,0.9999999999999999,0.28016176140193205,0.492063492063492
848,0.9999999999999999,0.28016176140193205,0.5
750,0.9999999999999999,0.28016176140193205,0.492063492063492
206,0.8630136986301368,0.28016176140193205,0.47619047619047616
1135,0.8630136986301368,0.3192541002022017,0.49132852570304203
879,0.9999999999999999,0.28016176140193205,0.47619047619047616
729,0.9999999999999999,0.28016176140193205,0.5
1137,0.557928469931718,0.11750168501460342,0.3138552036587546
47,0.7260273972602739,0.2680296562570208,0.5079365079365079
1039,0.5890410958904109,0.41154080273002713,0.4670158315427146
518,0.9999999999999999,0.45046057065827894,0.5238095238095238
380,0.9999999999999999,0.28016176140193205,0.4841269841269841
433,0.5890410958904109,0.030554931476072772,0.46031746031746035
611,0.9999999999999999,0.030554931476072772,0.47619047619047616
420,0.9315068493150683,0.45046057065827894,0.5317460317460317
212,0.9999999999999999,1.0,0.5079365079365079
1115,0.9999999999999999,0.34315900643850594,0.09489427463176814
756,0.8627456388608098,0.28000964606484685,0.49218773563911655
18,0.9999999999999999,0.35609975286452467,0.47619047619047616
598,0.8630136986301368,0.2644349584363064,0.39682539682539686
754,0.9999999999999999,0.28016176140193205,0.47619047619047616
81,0.9315068493150683,0.405077510671759,0.5158730158730158
46,0.9315068493150683,0.22062457874634914,0.46031746031746035
461,0.9999999999999999,0.45046057065827894,0.5238095238095238
852,0.9315068493150683,0.28016176140193205,0.47619047619047616
981,0.9315068493150683,0.45046057065827894,0.527795367740657
551,0.7945205479452054,0.2803864300157267,0.25396825396825395
274,0.9999999999999999,0.28016176140193205,0.47619047619047616
893,0.9999999999999999,0.35609975286452467,0.4841269841269841
764,0.9315068493150683,0.28016176140193205,0.492063492063492
180,0.9999999999999999,0.35609975286452467,0.4841269841269841
866,0.9999999999999999,0.1376593806217048,0.24548684880159757
1017,0.8630136986301368,0.45046057065827894,0.5238095238095238
995,0.8630136986301368,0.3192541002022017,0.492063492063492
1065,0.8630136986301368,0.6941206864643424,0.4651549043674288
67,0.9999999999999999,0.0350483037519658,0.08730158730158732
622,0.9315068493150683,0.19636036845652657,0.11111111111111105
391,0.9999999999999999,0.28016176140193205,0.492063492063492
585,0.9999999999999999,0.0350483037519658,0.492063492063492
1188,0.821824594498845,0.18865927376812822,0.37140696951877994
1183,0.7260273972602739,0.23965070080079376,0.4508833841024004
774,0.9999999999999999,0.36194113682318574,0.5238095238095238
137,0.9999999999999999,0.36194113682318574,0.5238095238095238
730,0.9999999999999999,0.36194113682318574,0.5238095238095238
121,0.9999999999999999,0.36194113682318574,0.5238095238095238
184,0.8630136986301368,0.28016176140193205,0.4841269841269841
517,0.9999999999999999,0.1170523477870141,0.12698412698412698
952,0.8630136986301368,0.22549166512004942,0.40605176179816876
807,0.9999999999999999,0.28016176140193205,0.47619047619047616
370,0.9999999999999999,0.1170523477870141,0.12698412698412698
1206,0.8630136986301368,0.45046057065827894,0.5266582311882783
1093,0.9668192045901003,0.27325052450583726,0.38095238095238093
43,0.9999999999999999,0.405077510671759,0.5
709,0.9999999999999999,0.283324052381546,0.5105962504063231
1118,0.9999999999999999,0.45046057065827894,0.5374760032242537
1211,0.5890410958904109,0.19445605696919696,0.4413779802179336
1207,0.8861837986162802,0.45046057065827894,0.5369977503190659
360,0.9315068493150683,0.0,0.0
864,0.9999999999999999,0.28016176140193205,0.492063492063492
513,0.8630136986301368,0.45046057065827894,0.5079365079365079
149,0.8630136986301368,0.2412940912154571,0.5079365079365079
1149,0.8630136986301368,0.3089082246238299,0.47619047619047616
899,0.9999999999999999,0.28016176140193205,0.5
898,0.9999999999999999,0.28016176140193205,0.5
743,0.9315068493150683,0.28016176140193205,0.47619047619047616
412,0.5890410958904109,0.45046057065827894,0.5079365079365079
1049,0.9356144510323099,0.19636036845652657,0.12698412698412698
392,0.9999999999999999,0.28016176140193205,0.492063492063492
906,0.8630136986301368,0.42844304650640297,0.5079365079365079
39,0.9999999999999999,0.36194113682318574,0.5238095238095238
850,0.9999999999999999,0.35609975286452467,0.4841269841269841
842,0.9315068493150683,0.28016176140193205,0.492063492063492
192,0.9999999999999999,0.35609975286452467,0.4841269841269841
273,0.9999999999999999,0.28016176140193205,0.492063492063492
52,0.9999999999999999,0.22062457874634914,0.46031746031746035
992,0.7629797823666942,0.25393502375039856,0.4530080130564085
1107,0.8965798682952979,0.6529822085185963,0.42436665262963535
644,0.9315068493150683,0.37676926533363286,0.492063492063492
511,0.9315068493150683,0.030554931476072772,0.5079365079365079
134,0.9999999999999999,0.35609975286452467,0.4841269841269841
570,0.9315068493150683,0.19636036845652657,0.4126984126984127
251,0.9999999999999999,0.0350483037519658,0.09523809523809523
394,0.9999999999999999,0.28016176140193205,0.492063492063492
272,0.9999999999999999,0.28016176140193205,0.492063492063492
1019,0.8630136986301368,0.3192541002022017,0.4886664775411373
51,0.9999999999999999,0.405077510671759,0.5
614,0.9999999999999999,0.45046057065827894,0.5238095238095238
749,0.8630136986301368,0.37676926533363286,0.5232984454771759
493,0.7945205479452054,0.43473376769265326,0.492063492063492
699,0.5890410958904109,0.222166288888348,0.4697859925626528
593,0.9315068493150683,0.19636036845652657,0.11111111111111105
365,0.8630136986301368,0.3192541002022017,0.492063492063492
427,0.9999999999999999,0.28016176140193205,0.5
1121,0.7945205479452054,0.45046057065827894,0.4974141433677388
1187,0.9129123388007022,0.45046057065827894,0.5079365079365079
37,0.9999999999999999,0.35609975286452467,0.4841269841269841
1173,0.7260273972602739,0.4549218438745067,0.4942324864834851
276,0.7260273972602739,0.2412940912154571,0.5079365079365079
327,0.5890410958904109,0.45046057065827894,0.5079365079365079
142,0.9999999999999999,0.9204673107166927,0.492063492063492
468,0.7260273972602739,0.18355425747023132,0.2857142857142857
1148,0.7945205479452054,0.45423184584342885,0.5006405164263598
970,0.8630136986301368,0.45046057065827894,0.510819505439267
956,0.7497695293593807,0.2803864300157267,0.25396825396825395
452,0.8630136986301368,0.45046057065827894,0.5238095238095238
745,0.8630136986301368,0.44211624055931376,0.49807914047141133
829,0.8630136986301368,0.28016176140193205,0.47619047619047616
265,0.9315068493150683,0.28959784318130755,0.5079365079365079
815,0.9315068493150683,0.37676926533363286,0.5080470910937335
99,0.9999999999999999,0.35609975286452467,0.4841269841269841
109,0.9999999999999999,0.36194113682318574,0.5238095238095238
1131,0.9999999999999999,0.45046057065827894,0.5274994829739907
1244,0.7679574905267528,0.18355425747023132,0.3342999493405231
260,0.38356164383561636,0.405077510671759,0.492063492063492
189,0.5890410958904109,0.28959784318130755,0.4841269841269841
713,0.9315068493150683,0.28016176140193205,0.492063492063492
688,0.8630136986301368,0.45899797798247577,0.492063492063492
999,0.9367248271824041,0.2669821584544612,0.38095238095238093
832,0.9999999999999999,0.28016176140193205,0.4839190745615012
240,0.8630136986301368,0.28959784318130755,0.5158730158730158
35,0.8630136986301368,0.8002696023365534,0.5079365079365079
563,0.38356164383561636,0.37317456751291833,0.46031746031746035
152,0.7260273972602739,0.28016176140193205,0.4841269841269841
592,0.9999999999999999,0.45046057065827894,0.5238095238095238
514,0.8630136986301368,0.25162884745001124,0.38095238095238093
1224,0.7945205479452054,0.4543940646278856,0.4901683856655346
104,0.9999999999999999,0.22062457874634914,0.46031746031746035
313,0.9315068493150683,0.1170523477870141,0.1428571428571429
768,0.6549351062335826,0.3915973938440799,0.484428154357061
393,0.9999999999999999,0.1170523477870141,0.12698412698412698
686,0.9315068493150683,0.37676926533363286,0.5238095238095238
916,0.9999999999999999,0.28016176140193205,0.47619047619047616
275,0.9315068493150683,0.28959784318130755,0.5079365079365079
1176,0.8493840068682603,0.8030750038435504,0.5047778809567715
576,0.9999999999999999,0.1170523477870141,0.12698412698412698
481,0.7945205479452054,0.18355425747023132,0.365079365079365
541,0.9999999999999999,0.45046057065827894,0.5238095238095238
202,0.9315068493150683,0.28016176140193205,0.47619047619047616
1070,0.8630136986301368,0.31258134123085235,0.47152782740095633
547,0.8630136986301368,0.43473376769265326,0.5079365079365079
413,0.5890410958904109,0.45046057065827894,0.5079365079365079
736,0.9999999999999999,0.35609975286452467,0.4841269841269841
16,0.9999999999999999,0.0350483037519658,0.05555555555555558
444,0.8630136986301368,0.45046057065827894,0.5396825396825397
835,0.8630136986301368,0.062244523136587945,0.47619047619047616
317,0.8630136986301368,0.3192541002022017,0.47619047619047616
1004,0.8630136986301368,0.20786993507027146,0.47884137798482934
1203,0.9925282056668275,0.19636036845652657,0.11284266979784624
623,0.9999999999999999,0.030554931476072772,0.47619047619047616
485,0.9999999999999999,0.1170523477870141,0.12698412698412698
299,0.9315068493150683,0.42844304650640297,0.492063492063492
884,0.9315068493150683,0.28016176140193205,0.47619047619047616
474,0.8630136986301368,0.45046057065827894,0.5238095238095238
1069,0.9999999999999999,0.43842704768485147,0.48991589401720886
1087,0.8372538784159073,0.22839660884199153,0.33129714086693246
1253,0.8630136986301368,0.21635587508425067,0.33738705615624237
938,0.9999999999999999,0.3351306282902973,0.10266646942947218
314,0.8630136986301368,0.22579195686362616,0.4444444444444444
556,0.9315068493150683,0.43473376769265326,0.492063492063492
1102,0.7864572672052477,0.19495371835188902,0.351998931878989
1139,0.8630136986301368,0.2572216420789499,0.5046935854309772
347,0.9999999999999999,0.28016176140193205,0.5079365079365079
210,0.7945205479452054,0.28959784318130755,0.492063492063492
1082,0.9999999999999999,0.45046057065827894,0.5242319224692057
771,0.9315068493150683,0.28016176140193205,0.49328942066220177
942,0.9999999999999999,0.19636036845652657,0.125903684890106
1047,0.9999999999999999,0.44891414018974984,0.522694661157204
865,0.9999999999999999,0.35609975286452467,0.4841269841269841
489,0.8630136986301368,0.45046057065827894,0.5079365079365079
384,0.9315068493150683,0.19636036845652657,0.11111111111111105
1054,0.8630136986301368,0.45046057065827894,0.5081967060456497
1126,0.9999999999999999,0.45046057065827894,0.5238095238095238
1059,0.7089211690237294,0.23568297164112437,0.48611704129555033
574,0.5890410958904109,0.37317456751291833,0.492063492063492
36,0.9999999999999999,0.36194113682318574,0.5238095238095238
80,0.9999999999999999,0.030554931476072772,0.0714285714285714
1088,0.9999999999999999,0.45046057065827894,0.5343564464517574
590,0.9999999999999999,0.0350483037519658,0.492063492063492
618,0.8630136986301368,0.3915973938440799,0.5079365079365079
869,0.9999999999999999,0.36194113682318574,0.5238095238095238
404,0.9999999999999999,0.28016176140193205,0.492063492063492
653,0.7260273972602739,0.45899797798247577,0.47619047619047616
638,0.9999999999999999,0.030554931476072772,0.5079365079365079
668,0.9315068493150683,0.37676926533363286,0.5238095238095238
1222,0.7945205479452054,0.45046057065827894,0.5238095238095238
320,0.9999999999999999,0.28016176140193205,0.492063492063492
1214,0.7945205479452054,0.4444982510425065,0.492063492063492
339,0.8630136986301368,0.3192541002022017,0.46825396825396826
923,0.8630136986301368,0.44852593752073855,0.4934582202940058
571,0.8630136986301368,0.2644349584363064,0.39682539682539686
29,0.9999999999999999,0.36194113682318574,0.5238095238095238
863,0.9315068493150683,0.3888810395942389,0.5204138632379719
746,0.5890410958904109,0.20565804252066042,0.46570387008584296
346,0.9999999999999999,0.1170523477870141,0.12698412698412698
594,0.9315068493150683,0.43473376769265326,0.492063492063492
1252,0.8630136986301368,0.2669655080836551,0.4947459190210275
1144,0.5890410958904109,0.4509122395149437,0.5051616589634024
253,0.9315068493150683,0.28959784318130755,0.492063492063492
931,0.9409873679987388,0.03117688417336142,0.5057394353526732
440,0.9999999999999999,0.28016176140193205,0.492063492063492
633,0.38356164383561636,0.2803864300157267,0.2063492063492064
332,0.9999999999999999,0.28016176140193205,0.492063492063492
816,0.8630136986301368,0.37676926533363286,0.5200561524413011
208,0.8630136986301368,0.28016176140193205,0.492063492063492
502,0.8630136986301368,0.19636036845652657,0.39682539682539686
306,0.5890410958904109,0.3030779600089867,0.4444444444444444
225,0.5890410958904109,0.42844304650640297,0.5079365079365079
620,0.9999999999999999,0.43473376769265326,0.492063492063492
421,0.7260273972602739,0.45046057065827894,0.5079365079365079
792,0.9999999999999999,0.36194113682318574,0.5238095238095238
203,0.9999999999999999,0.0350483037519658,0.9999999999999999
450,0.9999999999999999,0.45046057065827894,0.5317460317460317
788,0.9315068493150683,0.28016176140193205,0.47619047619047616
355,0.9999999999999999,0.28016176140193205,0.5
1014,0.9315068493150683,0.19636036845652657,0.11908049365598002
531,0.9315068493150683,0.45046057065827894,0.5238095238095238
497,0.9999999999999999,0.45046057065827894,0.5317460317460317
512,0.8630136986301368,0.19636036845652657,0.492063492063492
1091,0.6924379563798332,0.4556279487755559,0.488171382247187
143,0.9999999999999999,0.36194113682318574,0.5238095238095238
861,0.9315068493150683,0.39285127048779844,0.5193007681442938
951,0.7930905904497987,0.7601126852354977,0.4799101899273856
118,0.7945205479452054,0.05549314760727922,0.4285714285714285
566,0.9999999999999999,0.45046057065827894,0.5238095238095238
887,0.7490098543520058,0.28959784318130755,0.4867900307423752
591,0.9999999999999999,0.43473376769265326,0.492063492063492
978,0.8686029131639975,0.45046057065827894,0.5238095238095238
837,0.9315068493150683,0.28016176140193205,0.47619047619047616
921,0.8630136986301368,0.28016176140193205,0.492063492063492
1192,0.6746861004299727,0.3030779600089867,0.4543683894149016
169,0.9999999999999999,0.35609975286452467,0.4841269841269841
767,0.9315068493150683,0.28016176140193205,0.492063492063492
11,0.7945205479452054,0.30644798921590644,0.5396825396825397
1076,0.9999999999999999,0.45046057065827894,0.5238095238095238
358,0.9999999999999999,0.1170523477870141,0.12698412698412698
775,0.9315068493150683,0.28016176140193205,0.49812222371662285
825,0.9315068493150683,0.28016176140193205,0.47619047619047616
954,0.7631942414923634,0.4442900154800423,0.492063492063492
423,0.7260273972602739,0.45046057065827894,0.5079365079365079
439,0.9999999999999999,0.1170523477870141,0.12698412698412698
643,0.8630136986301368,0.3915973938440799,0.5079365079365079
1191,0.8630136986301368,0.23667131496826962,0.5063034938828387
473,0.9315068493150683,0.45046057065827894,0.5079365079365079
1099,0.9999999999999999,0.8815846097639986,0.492063492063492
695,0.9999999999999999,0.35609975286452467,0.4841269841269841
661,0.8630136986301368,0.13592451134576497,0.3015873015873015
369,0.9999999999999999,0.28016176140193205,0.47619047619047616
1072,0.9619154278243048,0.3121643789886911,0.11288999218302054
406,0.9999999999999999,0.42844304650640297,0.5079365079365079
64,0.9999999999999999,0.405077510671759,0.5
1247,0.9999999999999999,0.9796360185365265,0.5096996592260722
484,0.9999999999999999,0.45046057065827894,0.5238095238095238
691,0.9315068493150683,0.28959784318130755,0.5079365079365079
685,0.9315068493150683,0.37676926533363286,0.5238095238095238
398,0.8630136986301368,0.45046057065827894,0.5079365079365079
1010,0.9999999999999999,0.4427709584171369,0.518265878832957
587,0.9999999999999999,0.45046057065827894,0.5079365079365079
292,0.7260273972602739,0.22579195686362616,0.39682539682539686
472,0.9315068493150683,0.19636036845652657,0.11111111111111105
625,0.9999999999999999,0.1170523477870141,0.12698412698412698
1234,0.9999999999999999,0.28016176140193205,0.49277644338946314
796,0.9999999999999999,0.28016176140193205,0.492063492063492
740,0.9999999999999999,0.28016176140193205,0.492063492063492
838,0.8630136986301368,0.37676926533363286,0.5079365079365079
324,0.9315068493150683,0.42844304650640297,0.5079365079365079
165,0.7260273972602739,0.10873960907661198,0.47619047619047616
971,0.5890410958904109,0.2832256352810002,0.4546450444287755
145,0.9999999999999999,0.35609975286452467,0.4841269841269841
813,0.7945205479452054,0.3824241362001331,0.4840941095186231
972,0.8630136986301368,0.19944901444752441,0.3760486665575418
414,0.9999999999999999,0.28016176140193205,0.5
377,0.8630136986301368,0.3192541002022017,0.492063492063492
515,0.9315068493150683,0.45046057065827894,0.5079365079365079
228,0.8630136986301368,0.28959784318130755,0.492063492063492
30,0.9999999999999999,0.405077510671759,0.46825396825396826
927,0.9999999999999999,0.28016176140193205,0.47619047619047616
568,0.9315068493150683,0.19636036845652657,0.11111111111111105
962,0.5890410958904109,0.16964051256618817,0.40141814188291186
1134,0.7945205479452054,0.4452301462861744,0.5132514200089626
1132,0.9999999999999999,0.28016176140193205,0.4675931211844859
126,0.9999999999999999,0.405077510671759,0.5158730158730158
1164,0.9999999999999999,0.9962707837069235,0.5082593904007252
1182,0.9999999999999999,0.15677206986876657,0.47124053641623886
915,0.9999999999999999,0.28016176140193205,0.492063492063492
519,0.9999999999999999,0.45046057065827894,0.5238095238095238
213,0.5890410958904109,0.28016176140193205,0.47619047619047616
1172,0.8630136986301368,0.2316317575105113,0.41708516617360764
507,0.9999999999999999,0.45046057065827894,0.5238095238095238
1181,0.5080356347596956,0.16809070628935596,0.3729406582730723
641,0.7945205479452054,0.13592451134576497,0.3015873015873015
220,0.8630136986301368,0.23253201527746567,0.5079365079365079
337,0.8630136986301368,0.3428443046506402,0.4444444444444444
351,0.8630136986301368,0.42844304650640297,0.492063492063492
932,0.8630136986301368,0.25162884745001124,0.39997041476679995
760,0.9999999999999999,0.36194113682318574,0.5238095238095238
40,0.9999999999999999,0.2080431363738485,0.46031746031746035
1018,0.7945205479452054,0.4536938395430362,0.5039457835665221
1150,0.8630136986301368,0.3192541002022017,0.47619047619047616
1156,0.7899240854891425,0.45528117454667566,0.49312870399775416
619,0.8630136986301368,0.2644349584363064,0.4285714285714285
823,0.9999999999999999,0.35609975286452467,0.4841269841269841
1232,0.8630136986301368,0.3192541002022017,0.4701570614450873
1213,0.7945205479452054,0.44927401301629816,0.5214143455489993
1163,0.7285152975583548,0.2803864300157267,0.25396825396825395
10,0.9999999999999999,0.030554931476072772,0.0714285714285714
431,0.8630136986301368,0.45046057065827894,0.5238095238095238
89,0.9999999999999999,0.0350483037519658,0.08730158730158732
671,0.9999999999999999,0.030554931476072772,0.5079365079365079
1177,0.8630136986301368,0.45046057065827894,0.5137788542962838
425,0.38356164383561636,0.030554931476072772,0.4126984126984127
1083,0.8520752369532881,0.22146876421448736,0.3269959706157941
1023,0.7260273972602739,0.2640665192658354,0.4545149566333244
441,0.9315068493150683,0.45046057065827894,0.5238095238095238
553,0.9999999999999999,0.0350483037519658,0.492063492063492
478,0.7945205479452054,0.19636036845652657,0.39682539682539686
934,0.9229837837354922,0.7130611120601635,0.4885890347518325
350,0.8630136986301368,0.0,0.4285714285714285
657,0.9999999999999999,0.45046057065827894,0.5079365079365079
319,0.9999999999999999,0.28016176140193205,0.5158730158730158
733,0.9999999999999999,0.35609975286452467,0.4841269841269841
113,0.9999999999999999,0.030554931476072772,0.08730158730158732
1195,0.9999999999999999,0.950052817603953,0.4979681235384806
581,0.7260273972602739,0.3915973938440799,0.47619047619047616
894,0.9315068493150683,0.37937331014568787,0.5230794530449447
721,0.8630136986301368,0.37587316827802525,0.5079365079365079
701,0.9999999999999999,0.28016176140193205,0.47619047619047616
1166,0.9999999999999999,0.45046057065827894,0.5246488961919455
69,0.9315068493150683,0.405077510671759,0.5158730158730158
407,0.9999999999999999,0.1170523477870141,0.12698412698412698
645,0.9315068493150683,0.37676926533363286,0.5079365079365079
914,0.9999999999999999,0.36194113682318574,0.5238095238095238
417,0.9999999999999999,0.19636036845652657,0.12698412698412698
1022,0.4453308497609324,0.2551273442646149,0.2779230481356837
329,0.7945205479452054,0.3192541002022017,0.46031746031746035
110,0.9999999999999999,0.35609975286452467,0.4841269841269841
483,0.9999999999999999,0.45046057065827894,0.5079365079365079
24,0.9999999999999999,0.0350483037519658,0.07936507936507936
451,0.8630136986301368,0.45046057065827894,0.5238095238095238
114,0.9999999999999999,0.0350483037519658,0.08730158730158732
160,0.9999999999999999,0.36194113682318574,0.5238095238095238
1189,0.6396948030206324,0.8276263006769959,0.4561832400650989
1235,0.8389349117745921,0.23886583511703463,0.3054325168181784
965,0.9999999999999999,0.9558832552422659,0.5079365079365079
281,0.8630136986301368,0.6299707930802066,0.4126984126984127
683,0.9315068493150683,0.19636036845652657,0.4126984126984127
399,0.9315068493150683,0.19636036845652657,0.12698412698412698
555,0.9315068493150683,0.19636036845652657,0.11111111111111105
610,0.4520547945205479,0.11750168501460342,0.3015873015873015
1006,0.8630136986301368,0.3192541002022017,0.48070474166421734
827,0.9315068493150683,0.3899641353192574,0.511635825542077
1042,0.9801480583096368,0.7080179719250733,0.4864272884815817
828,0.9999999999999999,0.36194113682318574,0.5238095238095238
458,0.5890410958904109,0.19636036845652657,0.4444444444444444
479,0.7260273972602739,0.43473376769265326,0.5079365079365079
660,0.9315068493150683,0.19636036845652657,0.4126984126984127
246,0.8630136986301368,0.23253201527746567,0.5079365079365079
70,0.8630136986301368,0.2680296562570208,0.5079365079365079
330,0.9999999999999999,0.28016176140193205,0.5
294,0.7945205479452054,0.3030779600089867,0.46031746031746035
1009,0.8630136986301368,0.45046057065827894,0.524325487193549
673,0.9315068493150683,0.19636036845652657,0.4126984126984127
1101,0.7484314994942123,0.3192541002022017,0.46031746031746035
885,0.8361321281383998,0.4370842846685188,0.5079365079365079
125,0.9999999999999999,0.0350483037519658,0.08730158730158732
976,0.8630136986301368,0.3192541002022017,0.492063492063492
678,0.7260273972602739,0.45899797798247577,0.492063492063492
285,0.9999999999999999,0.28016176140193205,0.492063492063492
776,0.9999999999999999,0.28016176140193205,0.492063492063492
353,0.38356164383561636,0.45046057065827894,0.46825396825396826
804,0.8630136986301368,0.28959784318130755,0.492063492063492
719,0.9999999999999999,0.36194113682318574,0.5238095238095238
557,0.9315068493150683,0.19636036845652657,0.4126984126984127
613,0.9999999999999999,0.43473376769265326,0.492063492063492
991,0.9999999999999999,0.45046057065827894,0.5315919222110658
937,0.9999999999999999,0.9123423309077806,0.49355837818822196
128,0.8630136986301368,0.38373399236126704,0.4285714285714285
799,0.9999999999999999,0.36194113682318574,0.5238095238095238
158,0.9999999999999999,0.35609975286452467,0.4841269841269841
783,0.9999999999999999,0.28016176140193205,0.47619047619047616
362,0.8630136986301368,0.45046057065827894,0.5079365079365079
1073,0.9999999999999999,0.8899330651582233,0.5000089114420492
1020,0.5890410958904109,0.23655601590179948,0.4728429883776047
132,0.9999999999999999,0.35609975286452467,0.4841269841269841
141,0.38356164383561636,0.10244888789036169,0.46031746031746035
708,0.9999999999999999,0.4002724563134842,0.5167570807270453
924,0.22273931472663983,0.15160267822694373,0.4526304876132266
1084,0.9315068493150683,0.45046057065827894,0.518744492047539
341,0.7260273972602739,0.45046057065827894,0.5079365079365079
615,0.8630136986301368,0.37676926533363286,0.5079365079365079
49,0.9999999999999999,0.36194113682318574,0.5238095238095238
975,0.8630136986301368,0.2510228013523351,0.38112643639055077
187,0.7945205479452054,0.23253201527746567,0.5079365079365079
175,0.7945205479452054,0.10873960907661198,0.492063492063492
664,0.7945205479452054,0.45899797798247577,0.47619047619047616
466,0.8630136986301368,0.45046057065827894,0.5238095238095238
1007,0.9999999999999999,0.45046057065827894,0.5364244461475085
627,0.9315068493150683,0.19636036845652657,0.4126984126984127
918,0.8630136986301368,0.390113480769867,0.5079365079365079
728,0.9999999999999999,0.28016176140193205,0.47619047619047616
1251,0.9370224338131771,0.21736519132636298,0.10983289629091443
1193,0.8630136986301368,0.3192541002022017,0.48505242241196467
770,0.8630136986301368,0.28016176140193205,0.4895133420674092
448,0.9999999999999999,0.28016176140193205,0.492063492063492
1064,0.7945205479452054,0.45267145008680226,0.48752264469853596
505,0.8630136986301368,0.21635587508425067,0.3492063492063492
218,0.8630136986301368,0.28959784318130755,0.492063492063492
840,0.9999999999999999,0.28016176140193205,0.5079365079365079
1008,0.9315068493150683,0.19636036845652657,0.12698412698412698
1143,0.7945205479452054,0.45046057065827894,0.523570321997885
794,0.9999999999999999,0.28016176140193205,0.47619047619047616
1138,0.8630136986301368,0.4321172945234339,0.5079365079365079
886,0.8630136986301368,0.4325833689915209,0.5049516398799384
1199,0.9999999999999999,0.28016176140193205,0.4829631605033927
295,0.9999999999999999,0.28016176140193205,0.5079365079365079
682,0.9315068493150683,0.2644349584363064,0.38095238095238093
1062,0.8925956702863711,0.030554931476072772,0.471866462614668
877,0.9999999999999999,0.28016176140193205,0.492063492063492
1051,0.9999999999999999,0.9026629956109232,0.5122076548776935
1165,0.9542981929494478,0.14118800957274485,0.09790660249754198
639,0.9315068493150683,0.19636036845652657,0.39682539682539686
662,0.8630136986301368,0.2644349584363064,0.38095238095238093
724,0.9315068493150683,0.28016176140193205,0.492063492063492
191,0.9999999999999999,0.030554931476072772,0.07936507936507936
1113,0.9999999999999999,0.4404612719575266,0.5036249984049666
1035,0.9977919684351542,0.037648433305769995,0.492063492063492
959,0.9999999999999999,0.8923651411418503,0.492063492063492
1241,0.8630136986301368,0.45046057065827894,0.5283667188845317
700,0.9999999999999999,0.35609975286452467,0.4841269841269841
855,0.9999999999999999,0.28016176140193205,0.492063492063492
762,0.9999999999999999,0.28016176140193205,0.5
1228,0.7945205479452054,0.3192402491890472,0.46040330111327005
530,0.9999999999999999,0.45046057065827894,0.5238095238095238
424,0.9999999999999999,0.28016176140193205,0.492063492063492
42,0.9999999999999999,0.0350483037519658,0.09523809523809523
558,0.9315068493150683,0.43473376769265326,0.5079365079365079
560,0.8630136986301368,0.4556279487755559,0.5079365079365079
1219,0.8949287529701514,0.03160179688466457,0.45553872523883043
579,0.9315068493150683,0.43473376769265326,0.492063492063492
163,0.7945205479452054,0.28016176140193205,0.4444444444444444
968,0.9999999999999999,0.8955748027852573,0.5093401710601771
800,0.9315068493150683,0.28016176140193205,0.47619047619047616
88,0.9999999999999999,0.405077510671759,0.5
1057,0.9999999999999999,0.45046057065827894,0.5092828932927814
867,0.7570608852428855,0.28959784318130755,0.48772292797258826
841,0.9999999999999999,0.36194113682318574,0.5238095238095238
139,0.7260273972602739,0.2774657380363962,0.492063492063492
73,0.9999999999999999,0.36194113682318574,0.5238095238095238
609,0.8630136986301368,0.2644349584363064,0.39682539682539686
1111,0.8630136986301368,0.19636036845652657,0.48328386374269483
690,0.7945205479452054,0.45899797798247577,0.492063492063492
56,0.9999999999999999,0.0350483037519658,0.08730158730158732
900,0.9315068493150683,0.28016176140193205,0.49740396910622614
486,0.9999999999999999,0.28016176140193205,0.492063492063492
475,0.8630136986301368,0.030554931476072772,0.47619047619047616
179,0.9999999999999999,0.030554931476072772,0.07936507936507936
335,0.9999999999999999,0.1170523477870141,0.1428571428571429
1167,0.9738123271996363,0.45046057065827894,0.5079365079365079
436,0.9999999999999999,0.28016176140193205,0.38095238095238093
119,0.38356164383561636,0.2774657380363962,0.40476190476190477
255,0.9315068493150683,0.28016176140193205,0.47619047619047616
694,0.9315068493150683,0.28016176140193205,0.492063492063492
183,0.8630136986301368,0.28016176140193205,0.492063492063492
263,0.9999999999999999,0.28016176140193205,0.47619047619047616
426,0.9999999999999999,0.28016176140193205,0.492063492063492
316,0.7260273972602739,0.3192541002022017,0.46031746031746035
1052,0.8799894534142387,0.8098192748604611,0.5069529919847305
236,0.7260273972602739,0.42844304650640297,0.5079365079365079
68,0.9999999999999999,0.35609975286452467,0.4841269841269841
608,0.8630136986301368,0.3915973938440799,0.492063492063492
1081,0.8630136986301368,0.45046057065827894,0.5260769355893453
751,0.8630136986301368,0.37676926533363286,0.5079365079365079
703,0.9999999999999999,0.28016176140193205,0.5
94,0.5890410958904109,0.05549314760727922,0.4285714285714285
57,0.9315068493150683,0.405077510671759,0.5158730158730158
725,0.9999999999999999,0.36194113682318574,0.5238095238095238
157,0.9999999999999999,0.35609975286452467,0.4841269841269841
127,0.9999999999999999,0.7238822736463716,0.46031746031746035
908,0.9999999999999999,0.28016176140193205,0.5
580,0.9315068493150683,0.19636036845652657,0.4126984126984127
897,0.9999999999999999,0.35609975286452467,0.4841269841269841
1186,0.9134513461563127,0.7362924782335207,0.492063492063492
216,0.9999999999999999,0.0350483037519658,0.09523809523809523
238,0.9315068493150683,0.28016176140193205,0.492063492063492
284,0.9999999999999999,0.28016176140193205,0.492063492063492
795,0.9315068493150683,0.28959784318130755,0.5157803851954157
806,0.9999999999999999,0.36194113682318574,0.5238095238095238
477,0.9999999999999999,0.45046057065827894,0.5238095238095238
1230,0.7945205479452054,0.45229073960936594,0.4869379164945784
716,0.9999999999999999,0.28016176140193205,0.492063492063492
26,0.9999999999999999,0.35609975286452467,0.4841269841269841
428,0.9999999999999999,0.1170523477870141,0.12698412698412698
235,0.7945205479452054,0.28016176140193205,0.4841269841269841
588,0.7945205479452054,0.37317456751291833,0.492063492063492
188,0.9999999999999999,0.8714895529094584,0.492063492063492
715,0.49978945230668814,0.3472930731423389,0.48516892065437905
1038,0.9999999999999999,0.9184875568225528,0.4924277399381124
1094,0.9999999999999999,0.45046057065827894,0.5238095238095238
858,0.9315068493150683,0.28134009651254194,0.492063492063492
1225,0.9999999999999999,0.8900657198088829,0.49765697259964703
379,0.9999999999999999,0.28016176140193205,0.47619047619047616
364,0.5890410958904109,0.45046057065827894,0.4285714285714285
1184,0.8630136986301368,0.4067457208950863,0.5079365079365079
437,0.38356164383561636,0.45046057065827894,0.5079365079365079
735,0.9315068493150683,0.37676926533363286,0.49526030954573597
232,0.9315068493150683,0.1170523477870141,0.12698412698412698
375,0.7260273972602739,0.45046057065827894,0.492063492063492
1096,0.8869039257593827,0.030554931476072772,0.466590305783301
233,0.9315068493150683,0.7396090766119972,0.492063492063492
674,0.8630136986301368,0.45899797798247577,0.492063492063492
1030,0.9999999999999999,0.45046057065827894,0.5285510564155586
1125,0.9999999999999999,0.2724744380088252,0.10112809238240761
1086,0.5890410958904109,0.3629493958465032,0.456903839021567
310,0.9999999999999999,0.28016176140193205,0.47619047619047616
491,0.7260273972602739,0.4556279487755559,0.492063492063492
1133,0.8630136986301368,0.45046057065827894,0.5359130441271703
1026,0.9999999999999999,0.489097256354938,0.4606947837284781
1046,0.8630136986301368,0.45046057065827894,0.5283822962548058
536,0.8630136986301368,0.43473376769265326,0.5079365079365079
177,0.7260273972602739,0.23253201527746567,0.5079365079365079
45,0.9315068493150683,0.405077510671759,0.5158730158730158
401,0.38356164383561636,0.45046057065827894,0.5079365079365079
465,0.8630136986301368,0.45046057065827894,0.5238095238095238
1036,0.7945205479452054,0.4367304116316596,0.4960939057471733
262,0.9315068493150683,0.28016176140193205,0.492063492063492
181,0.9999999999999999,0.36194113682318574,0.5238095238095238
405,0.9999999999999999,0.28016176140193205,0.492063492063492
846,0.7945205479452054,0.4463262361403746,0.5057067826318681
256,0.9315068493150683,0.23253201527746567,0.5079365079365079
974,0.8630136986301368,0.25162884745001124,0.38095238095238093
603,0.9999999999999999,0.45046057065827894,0.5238095238095238
383,0.9999999999999999,0.42844304650640297,0.5079365079365079
174,0.7945205479452054,0.28016176140193205,0.4841269841269841
460,0.7945205479452054,0.45046057065827894,0.5079365079365079
600,0.8630136986301368,0.37317456751291833,0.5079365079365079
33,0.9315068493150683,0.22062457874634914,0.46031746031746035
83,0.8630136986301368,0.7270276342394966,0.492063492063492
338,0.8630136986301368,0.19636036845652657,0.11904761904761907
147,0.9999999999999999,0.0350483037519658,0.08730158730158732
984,0.9999999999999999,0.3340188733106534,0.09305600723600153
546,0.9315068493150683,0.43473376769265326,0.5079365079365079
520,0.9315068493150683,0.45046057065827894,0.5079365079365079
171,0.8630136986301368,0.28016176140193205,0.4841269841269841
642,0.5890410958904109,0.30015726802965614,0.2063492063492064
252,0.9315068493150683,0.28016176140193205,0.492063492063492
779,0.8630136986301368,0.37484125895263265,0.5079365079365079
811,0.7260273972602739,0.24462306538494505,0.5075358355904818
868,0.9315068493150683,0.28016176140193205,0.492063492063492
244,0.8630136986301368,0.28016176140193205,0.4841269841269841
264,0.9999999999999999,0.28016176140193205,0.4841269841269841
117,0.7945205479452054,0.2412940912154571,0.5238095238095238
159,0.9999999999999999,0.867894855088744,0.5238095238095238
1127,0.8630136986301368,0.3192541002022017,0.4880428195361348
874,0.9999999999999999,0.35609975286452467,0.4841269841269841
296,0.9999999999999999,0.28016176140193205,0.492063492063492
462,0.9999999999999999,0.1170523477870141,0.12698412698412698
854,0.9315068493150683,0.28016176140193205,0.492063492063492
584,0.8630136986301368,0.4556279487755559,0.5079365079365079
533,0.9315068493150683,0.0350483037519658,0.492063492063492
25,0.9999999999999999,0.36194113682318574,0.5238095238095238
14,0.9999999999999999,0.36194113682318574,0.5238095238095238
1114,0.8630136986301368,0.34733055755446113,0.4554557305998163
1202,0.8630136986301368,0.7619283440229259,0.4996271817726187
204,0.9999999999999999,0.35609975286452467,0.4841269841269841
1120,0.9999999999999999,0.28016176140193205,0.42987039254741294
637,0.9999999999999999,0.43473376769265326,0.492063492063492
656,0.9315068493150683,0.37676926533363286,0.5238095238095238
227,0.9315068493150683,0.28016176140193205,0.492063492063492
538,0.8630136986301368,0.25162884745001124,0.4285714285714285
487,0.9315068493150683,0.19636036845652657,0.11111111111111105
790,0.9315068493150683,0.28016176140193205,0.492063492063492
1090,0.8630136986301368,0.22377559063903418,0.501748028090027
944,0.6455056787521298,0.8099414538323338,0.43790172293824525
872,0.9999999999999999,0.28016176140193205,0.492063492063492
836,0.9999999999999999,0.28016176140193205,0.492063492063492
300,0.9315068493150683,0.28959784318130755,0.5079365079365079
1140,0.967761044626949,0.10859768509403467,0.09757794634226821
1175,0.4317190742426811,0.16586241274797126,0.27331096672474386
666,0.5890410958904109,0.45899797798247577,0.46031746031746035
200,0.5890410958904109,0.1170523477870141,0.12698412698412698
777,0.9999999999999999,0.28016176140193205,0.5085841470809076
955,0.9908528159965746,0.2782564919592056,0.38095238095238093
258,0.8630136986301368,0.1170523477870141,0.12698412698412698
607,0.9315068493150683,0.22803864300157264,0.11111111111111105
731,0.9999999999999999,0.36194113682318574,0.5238095238095238
1160,0.8630136986301368,0.2964207876685876,0.5079365079365079
266,0.8630136986301368,0.42844304650640297,0.5079365079365079
786,0.9315068493150683,0.37676926533363286,0.5238095238095238
604,0.8630136986301368,0.37317456751291833,0.5079365079365079
763,0.9999999999999999,0.28016176140193205,0.4841269841269841
381,0.9999999999999999,0.28016176140193205,0.47619047619047616
1243,0.9999999999999999,0.8883392136929549,0.4941446842087729
880,0.9999999999999999,0.36194113682318574,0.5238095238095238
395,0.9999999999999999,0.42844304650640297,0.5079365079365079
1145,0.7945205479452054,0.45046057065827894,0.4978886793735539
830,0.9315068493150683,0.28959784318130755,0.492063492063492
496,0.9999999999999999,0.45046057065827894,0.5158730158730158
957,0.9317749090843953,0.7394349792897841,0.49203243116958584
809,0.9999999999999999,0.35609975286452467,0.4841269841269841
1246,0.7878463382601965,0.3000991678709664,0.5350423748539144
283,0.7260273972602739,0.3030779600089867,0.46031746031746035
372,0.9315068493150683,0.19636036845652657,0.11111111111111105
640,0.8630136986301368,0.2644349584363064,0.38095238095238093
1116,0.840883962989915,0.3151165207818933,0.5074489273181224
1142,0.9999999999999999,0.9045512598666013,0.492063492063492
397,0.9315068493150683,0.0,0.4444444444444444
873,0.9315068493150683,0.37676926533363286,0.5237534569687897
920,0.9999999999999999,0.28016176140193205,0.4841269841269841
677,0.7945205479452054,0.37676926533363286,0.5238095238095238
759,0.8700435109048488,0.04757241547912093,0.4696739517961399
318,0.9999999999999999,0.28959784318130755,0.5158730158730158
986,0.9478253360076992,0.45046057065827894,0.5079365079365079
1152,0.9999999999999999,0.9083352055717815,0.5141425758765914
1063,0.7260273972602739,0.45446289434126314,0.495642275560412
522,0.9315068493150683,0.030554931476072772,0.5079365079365079
697,0.9999999999999999,0.35609975286452467,0.4841269841269841
881,0.5890410958904109,0.3886319673516647,0.49185229273365105
1032,0.8630136986301368,0.45046057065827894,0.5137769762729885
34,0.8630136986301368,0.405077510671759,0.5
659,0.9999999999999999,0.030554931476072772,0.5079365079365079
1217,0.8630136986301368,0.45046057065827894,0.5238095238095238
1109,0.8151406409726848,0.27172886321056977,0.292197251835073
1089,0.8630136986301368,0.21568036218709943,0.4079227373977003
1146,0.8706348575864943,0.6993680770146868,0.5066118779274267
650,0.8630136986301368,0.2644349584363064,0.38095238095238093
1100,0.6351150039721636,0.14402497746076717,0.36017009892022783
939,0.7813656307865486,0.3161472817530487,0.46031746031746035
429,0.9315068493150683,0.45046057065827894,0.5238095238095238
277,0.9999999999999999,0.28016176140193205,0.4841269841269841
734,0.8630136986301368,0.28959784318130755,0.5089066948383532
9,0.9315068493150683,0.2080431363738485,0.4444444444444444
667,0.9315068493150683,0.37676926533363286,0.5238095238095238
166,0.8630136986301368,0.699618063356549,0.5079365079365079
509,0.8630136986301368,0.43473376769265326,0.492063492063492
363,0.0,0.3192541002022017,0.5079365079365079
27,0.9999999999999999,0.35609975286452467,0.4841269841269841
945,0.7453590710767426,0.3030779600089867,0.46031746031746035
1168,0.9999999999999999,0.9083352055717815,0.512945437764437
1104,0.9999999999999999,0.45046057065827894,0.5350733845803032
1179,0.8630136986301368,0.3192541002022017,0.492063492063492
757,0.8630136986301368,0.28016176140193205,0.47619047619047616
1129,0.5890410958904109,0.2906963914592833,0.45080639095119535
631,0.7260273972602739,0.11750168501460342,0.31746031746031744
23,0.8630136986301368,0.405077510671759,0.5
133,0.9999999999999999,0.36194113682318574,0.5238095238095238
569,0.9315068493150683,0.43473376769265326,0.5079365079365079
354,0.9999999999999999,0.28016176140193205,0.4841269841269841
1124,0.9939816521560019,0.19636036845652657,0.12558939875361314
550,0.9999999999999999,0.45046057065827894,0.5238095238095238
447,0.5890410958904109,0.45046057065827894,0.5079365079365079
101,0.9999999999999999,0.0350483037519658,0.08730158730158732
96,0.9999999999999999,0.36194113682318574,0.5238095238095238
309,0.9999999999999999,0.28016176140193205,0.492063492063492
136,0.9999999999999999,0.0350483037519658,0.08730158730158732
6,0.9315068493150683,0.22062457874634914,0.46031746031746035
219,0.8630136986301368,0.28016176140193205,0.492063492063492
74,0.9999999999999999,0.405077510671759,0.5158730158730158
597,0.7945205479452054,0.3915973938440799,0.47619047619047616
1001,0.8630136986301368,0.3192541002022017,0.492063492063492
1002,0.8630136986301368,0.7215161926426041,0.49525519471087276
997,0.9315068493150683,0.19636036845652657,0.12102880115106666
249,0.5890410958904109,0.11323298135250501,0.4126984126984127
12,0.9999999999999999,0.405077510671759,0.4841269841269841
963,0.9966371828340563,0.03869550267346862,0.07337687026280855
289,0.8630136986301368,0.42844304650640297,0.5079365079365079
459,0.9999999999999999,0.28016176140193205,0.492063492063492
896,0.8630136986301368,0.28016176140193205,0.492063492063492
304,0.7260273972602739,0.19636036845652657,0.11111111111111105
87,0.9999999999999999,0.405077510671759,0.5079365079365079
303,0.7945205479452054,0.22579195686362616,0.4444444444444444
103,0.9999999999999999,0.405077510671759,0.5158730158730158
382,0.9999999999999999,0.1170523477870141,0.12698412698412698
403,0.9999999999999999,0.28016176140193205,0.492063492063492
59,0.7945205479452054,0.2680296562570208,0.5079365079365079
1170,0.48029199127194894,0.13375694658191747,0.3310346639137626
834,0.9315068493150683,0.28959784318130755,0.5080644335747887
442,0.9315068493150683,0.45046057065827894,0.5238095238095238
293,0.5890410958904109,0.19636036845652657,0.11111111111111105
1085,0.5693615056296337,0.3009047012807202,0.4216411096978296
55,0.9999999999999999,0.35609975286452467,0.4841269841269841
259,0.7260273972602739,0.11323298135250501,0.4126984126984127
1196,0.7855010075460579,0.3060042059430659,0.5292313262041624
297,0.9999999999999999,0.28016176140193205,0.47619047619047616
826,0.6892381166924285,0.04637276500158669,0.44598662504416015
209,0.8630136986301368,0.10873960907661198,0.492063492063492
882,0.9999999999999999,0.28016176140193205,0.47619047619047616
349,0.8630136986301368,0.3192541002022017,0.5079365079365079
92,0.9999999999999999,0.405077510671759,0.5158730158730158
990,0.7260273972602739,0.4540676753012709,0.4968562989882971
164,0.7260273972602739,0.28016176140193205,0.4841269841269841
443,0.8630136986301368,0.45046057065827894,0.5396825396825397
561,0.9999999999999999,0.45046057065827894,0.5238095238095238
31,0.9999999999999999,0.0350483037519658,0.07936507936507936
1080,0.9489867834802584,0.0951203489253139,0.492063492063492
1027,0.4086108990361208,0.22081636344701425,0.24117959929466964
359,0.9999999999999999,0.42844304650640297,0.5079365079365079
871,0.9999999999999999,0.35609975286452467,0.4841269841269841
648,0.9999999999999999,0.030554931476072772,0.5079365079365079
492,0.8630136986301368,0.21635587508425067,0.33333333333333337
1028,0.9999999999999999,0.11907612996929706,0.10108890374514333
1157,0.9999999999999999,0.45046057065827894,0.5129262119623682
1122,0.7260273972602739,0.21689558379936216,0.46620688337086374
626,0.8630136986301368,0.37676926533363286,0.5079365079365079
562,0.38356164383561636,0.3915973938440799,0.492063492063492
1223,0.7260273972602739,0.4536265316793094,0.4982113923363652
95,0.5890410958904109,0.2412940912154571,0.47619047619047616
1159,0.38653548568289564,0.27331428533959756,0.2104842626320899
949,0.9564451808663453,0.032190966707026,0.5021571485611326
453,0.9315068493150683,0.19636036845652657,0.12698412698412698
1231,0.9999999999999999,0.19636036845652657,0.11172539023828953
1013,0.9999999999999999,0.45046057065827894,0.5121731081712878
1041,0.8630136986301368,0.4429074204635552,0.5217727449705128
1210,0.5890410958904109,0.19695168866730445,0.4448622168663765
973,0.9743967467223676,0.6829471832871832,0.4707767163465044
19,0.9999999999999999,0.35609975286452467,0.47619047619047616
366,0.9999999999999999,0.28016176140193205,0.5079365079365079
279,0.9315068493150683,0.1170523477870141,0.1428571428571429
687,0.8630136986301368,0.37676926533363286,0.5079365079365079
1003,0.9862223514529493,0.0341444454334444,0.4952564074410624
983,0.5890410958904109,0.19848751009830312,0.4459472868964361
400,0.38356164383561636,0.45046057065827894,0.5079365079365079
1190,0.7260273972602739,0.2981495712366605,0.4595844191002298
467,0.8630136986301368,0.030554931476072772,0.4444444444444444
214,0.9315068493150683,0.28016176140193205,0.47619047619047616
919,0.9999999999999999,0.36194113682318574,0.5238095238095238
753,0.7260273972602739,0.38160050642222915,0.48480374485378575
1034,0.8630136986301368,0.39071349609444433,0.49901535400537894
844,0.8630136986301368,0.2068564691025173,0.5039009179149779
1209,0.8630136986301368,0.3192541002022017,0.48817253029267516
870,0.8630136986301368,0.28016176140193205,0.4916527966001439
902,0.9999999999999999,0.28016176140193205,0.4776007633752085
784,0.9315068493150683,0.28959784318130755,0.5086946796948838
72,0.9999999999999999,0.36194113682318574,0.5238095238095238
521,0.9315068493150683,0.19636036845652657,0.11111111111111105
545,0.9315068493150683,0.0350483037519658,0.492063492063492
540,0.9315068493150683,0.19636036845652657,0.4126984126984127
8,0.8630136986301368,0.405077510671759,0.5
242,0.9999999999999999,0.0350483037519658,0.09523809523809523
150,0.5890410958904109,0.28016176140193205,0.4841269841269841
456,0.7260273972602739,0.45046057065827894,0.5079365079365079
148,0.9999999999999999,0.0350483037519658,0.08730158730158732
1,0.9999999999999999,0.030554931476072772,0.0714285714285714
901,0.9999999999999999,0.36194113682318574,0.5238095238095238
741,0.9315068493150683,0.37676926533363286,0.5216486396214819
732,0.9315068493150683,0.37676926533363286,0.5146715374774761
782,0.9999999999999999,0.28016176140193205,0.47619047619047616
44,0.9999999999999999,0.405077510671759,0.5
1212,0.7260273972602739,0.252245615238321,0.2631941050030739
510,0.8630136986301368,0.4556279487755559,0.492063492063492
572,0.8630136986301368,0.4556279487755559,0.5079365079365079
352,0.7945205479452054,0.45046057065827894,0.5158730158730158
539,0.7260273972602739,0.2803864300157267,0.25396825396825395
1068,0.8630136986301368,0.10567953860144773,0.46602010751806966
250,0.9999999999999999,0.28016176140193205,0.4841269841269841
53,0.9999999999999999,0.0350483037519658,0.08730158730158732
508,0.9315068493150683,0.19636036845652657,0.11111111111111105
146,0.9999999999999999,0.36194113682318574,0.5238095238095238
1058,0.6199312891027429,0.2412940912154571,0.47976981603888924
582,0.8630136986301368,0.2644349584363064,0.4126984126984127
947,0.8630136986301368,0.6530669459334009,0.4442808939117975
116,0.9999999999999999,0.9083352055717815,0.5158730158730158
755,0.9999999999999999,0.35609975286452467,0.4841269841269841
1016,0.7940433740475884,0.30264752792654853,0.4605386266319114
86,0.9999999999999999,0.35609975286452467,0.4841269841269841
22,0.8630136986301368,0.30644798921590644,0.5396825396825397
222,0.7260273972602739,0.1170523477870141,0.12698412698412698
658,0.9999999999999999,0.1170523477870141,0.12698412698412698
820,0.9999999999999999,0.35609975286452467,0.4841269841269841
308,0.9999999999999999,0.28959784318130755,0.5158730158730158
254,0.8630136986301368,0.28959784318130755,0.5079365079365079
629,0.8630136986301368,0.3915973938440799,0.5079365079365079
534,0.9315068493150683,0.43473376769265326,0.5396825396825397
311,0.9999999999999999,0.28016176140193205,0.5158730158730158
61,0.9999999999999999,0.36194113682318574,0.5238095238095238
681,0.9999999999999999,0.030554931476072772,0.5079365079365079
230,0.9999999999999999,0.0350483037519658,0.09523809523809523
356,0.9999999999999999,0.28016176140193205,0.47619047619047616
463,0.9315068493150683,0.19636036845652657,0.11111111111111105
1226,0.8630136986301368,0.6543138044240634,0.44598589149764667
904,0.9999999999999999,0.28016176140193205,0.47619047619047616
778,0.9315068493150683,0.28873636343012027,0.5072119337920381
672,0.9315068493150683,0.2644349584363064,0.38095238095238093
315,0.7945205479452054,0.19636036845652657,0.11111111111111105
821,0.8630136986301368,0.37317456751291833,0.5079365079365079
1197,0.9999999999999999,0.45046057065827894,0.5352305241167173
215,0.8630136986301368,0.28959784318130755,0.492063492063492
410,0.9315068493150683,0.45046057065827894,0.5079365079365079
1025,0.9999999999999999,0.45046057065827894,0.5288708193573287
573,0.5890410958904109,0.3915973938440799,0.492063492063492
1205,0.9999999999999999,0.19046214458913585,0.4654772663989299
831,0.8630136986301368,0.28959784318130755,0.492063492063492
302,0.8630136986301368,0.9175466187373622,0.5238095238095238
989,0.8630136986301368,0.24466374827041948,0.50725043028445
449,0.9999999999999999,0.1170523477870141,0.12698412698412698
224,0.9999999999999999,0.695124691080656,0.4841269841269841
646,0.9999999999999999,0.45046057065827894,0.492063492063492
624,0.9999999999999999,0.43473376769265326,0.492063492063492
343,0.9999999999999999,0.28016176140193205,0.492063492063492
245,0.8630136986301368,0.1170523477870141,0.12698412698412698
862,0.9999999999999999,0.28016176140193205,0.492063492063492
577,0.9315068493150683,0.43473376769265326,0.492063492063492
878,0.9999999999999999,0.28016176140193205,0.492063492063492
291,0.9315068493150683,0.1170523477870141,0.1428571428571429
998,0.7260273972602739,0.2709900142949114,0.2570488304329797
173,0.9999999999999999,0.3778926084026061,0.08730158730158732
907,0.9999999999999999,0.28016176140193205,0.47619047619047616
205,0.8630136986301368,0.28959784318130755,0.492063492063492
237,0.38356164383561636,0.11323298135250501,0.4126984126984127
964,0.7945205479452054,0.44719410270256593,0.4857754023663127
13,0.9999999999999999,0.405077510671759,0.45238095238095233
63,0.9999999999999999,0.405077510671759,0.5
1095,0.7134261758442519,0.45093591217159057,0.5050162248781918
1158,0.8630136986301368,0.6362589204148652,0.42129701631333283
167,0.9999999999999999,0.030554931476072772,0.0714285714285714
583,0.7260273972602739,0.37317456751291833,0.492063492063492
79,0.9999999999999999,0.0350483037519658,0.08730158730158732
797,0.9999999999999999,0.28016176140193205,0.5071663638203264
91,0.9999999999999999,0.36194113682318574,0.5238095238095238
229,0.9315068493150683,0.28016176140193205,0.47619047619047616
1204,0.8630136986301368,0.45046057065827894,0.5367166009917118
506,0.9999999999999999,0.1170523477870141,0.12698412698412698
595,0.9315068493150683,0.19636036845652657,0.4126984126984127
812,0.9999999999999999,0.28268030649769205,0.5158730158730158
1154,0.9999999999999999,0.45046057065827894,0.531051914270501
15,0.9999999999999999,0.36194113682318574,0.5238095238095238
559,0.8630136986301368,0.2644349584363064,0.4126984126984127
268,0.7945205479452054,0.11323298135250501,0.4126984126984127
1098,0.5890410958904109,0.2861589287340831,0.4531378479889865
402,0.9999999999999999,0.28016176140193205,0.47619047619047616
195,0.8630136986301368,0.28016176140193205,0.47619047619047616
996,0.8630136986301368,0.3192541002022017,0.47619047619047616
849,0.9315068493150683,0.3815047762620344,0.5224818745816128
698,0.9999999999999999,0.28016176140193205,0.5
748,0.9999999999999999,0.28016176140193205,0.5079365079365079
888,0.8630136986301368,0.42844304650640297,0.5079365079365079
1200,0.7074630517224116,0.2024497740924014,0.44874665785480616
654,0.5890410958904109,0.37676926533363286,0.5238095238095238
1105,0.7945205479452054,0.44982120102631373,0.48444964106937377
161,0.7260273972602739,0.28959784318130755,0.4841269841269841
390,0.9999999999999999,0.28016176140193205,0.47619047619047616
270,0.5890410958904109,0.2412940912154571,0.5079365079365079
941,0.9692871730124933,0.10490329548977412,0.0963400866517711
378,0.9999999999999999,0.28016176140193205,0.5
1239,0.5890410958904109,0.4107314275373461,0.4668473985538363
1233,0.4308404022256761,0.24290828596129832,0.2319147571823498
860,0.9315068493150683,0.28959784318130755,0.5079365079365079
710,0.8630136986301368,0.28016176140193205,0.47708050164542676
368,0.9999999999999999,0.28016176140193205,0.492063492063492
434,0.9999999999999999,0.42844304650640297,0.5079365079365079
396,0.8630136986301368,0.45046057065827894,0.492063492063492
140,0.5890410958904109,0.2774657380363962,0.4841269841269841
345,0.9999999999999999,0.28016176140193205,0.5
817,0.9315068493150683,0.37676926533363286,0.513877653688023
361,0.8630136986301368,0.19636036845652657,0.11111111111111105
438,0.9999999999999999,0.28016176140193205,0.492063492063492
524,0.8630136986301368,0.43473376769265326,0.492063492063492
722,0.9999999999999999,0.28016176140193205,0.492063492063492
1060,0.8630136986301368,0.23880443003278917,0.36941027561944084
290,0.7945205479452054,0.2412940912154571,0.5238095238095238
707,0.9999999999999999,0.36194113682318574,0.5238095238095238
933,0.6471653234357522,0.4534353947865955,0.48966053527241243
172,0.8630136986301368,0.28016176140193205,0.47619047619047616
1185,0.7945205479452054,0.43603363004268486,0.4946873865396783
1056,0.7260273972602739,0.31912893708895407,0.46031746031746035
847,0.8630136986301368,0.37370937822958283,0.5079365079365079
773,0.9999999999999999,0.28016176140193205,0.47619047619047616
787,0.9999999999999999,0.28016176140193205,0.492063492063492
7,0.9315068493150683,0.405077510671759,0.5
1216,0.8630136986301368,0.2324805466919001,0.3637187166769078
696,0.9999999999999999,0.28016176140193205,0.492063492063492
780,0.8630136986301368,0.28959784318130755,0.492063492063492
940,0.8630136986301368,0.383255140273578,0.4289250656449815
605,0.9315068493150683,0.43473376769265326,0.492063492063492
476,0.8630136986301368,0.45046057065827894,0.5079365079365079
922,0.7260273972602739,0.3859597271701585,0.4810478618593929
737,0.9315068493150683,0.28016176140193205,0.49628581290431145
1106,0.765579222389859,0.2803864300157267,0.25396825396825395
977,0.7945205479452054,0.4508903294411158,0.5211692804107565
499,0.8630136986301368,0.45046057065827894,0.5079365079365079
504,0.7945205479452054,0.4556279487755559,0.492063492063492
1237,0.6819308650573758,0.3030779600089867,0.45520786214156894
630,0.8630136986301368,0.2644349584363064,0.38095238095238093
1074,0.9999999999999999,0.908378058726618,0.5157889156119146
537,0.8630136986301368,0.19636036845652657,0.4126984126984127
1240,0.5890410958904109,0.4527915147074942,0.4936162429771468
66,0.9999999999999999,0.22062457874634914,0.46031746031746035
38,0.9999999999999999,0.35609975286452467,0.4841269841269841
267,0.8630136986301368,0.1170523477870141,0.12698412698412698
17,0.9999999999999999,0.0350483037519658,0.08730158730158732
675,0.8630136986301368,0.30015726802965614,0.19047619047619047
124,0.9999999999999999,0.0350483037519658,0.08730158730158732
526,0.8630136986301368,0.19636036845652657,0.38095238095238093
892,0.9999999999999999,0.28016176140193205,0.5
525,0.8630136986301368,0.43473376769265326,0.5079365079365079
548,0.8630136986301368,0.4556279487755559,0.5079365079365079
905,0.9999999999999999,0.28016176140193205,0.47619047619047616
742,0.9315068493150683,0.28959784318130755,0.5079365079365079
814,0.9999999999999999,0.28016176140193205,0.47619047619047616
156,0.9999999999999999,0.0350483037519658,0.08730158730158732
1198,0.8630136986301368,0.3192541002022017,0.49173688639057733
82,0.38356164383561636,0.05549314760727922,0.4444444444444444
596,0.7945205479452054,0.37317456751291833,0.492063492063492
199,0.8630136986301368,0.23253201527746567,0.492063492063492
1112,0.9999999999999999,0.24426487707766012,0.4288041425957876
138,0.8630136986301368,0.2412940912154571,0.5079365079365079
28,0.9999999999999999,0.405077510671759,0.46825396825396826
307,0.9999999999999999,0.28016176140193205,0.5
529,0.9999999999999999,0.45046057065827894,0.5396825396825397
723,0.9999999999999999,0.36194113682318574,0.5238095238095238
198,0.8630136986301368,0.10873960907661198,0.492063492063492
5,0.9315068493150683,0.405077510671759,0.5
1043,0.8658554970533103,0.45046057065827894,0.5238095238095238
910,0.9999999999999999,0.28016176140193205,0.492063492063492
323,0.9999999999999999,0.28016176140193205,0.4841269841269841
207,0.8630136986301368,0.23253201527746567,0.5079365079365079
913,0.9315068493150683,0.28959784318130755,0.5079365079365079
1077,0.8630136986301368,0.45046057065827894,0.5238095238095238
544,0.9315068493150683,0.19636036845652657,0.11111111111111105
890,0.9999999999999999,0.28016176140193205,0.5079365079365079
565,0.9999999999999999,0.1170523477870141,0.12698412698412698
1040,0.8630136986301368,0.3192541002022017,0.49160390699222417
301,0.9315068493150683,0.1170523477870141,0.1428571428571429
636,0.8630136986301368,0.37676926533363286,0.5079365079365079
785,0.9999999999999999,0.35609975286452467,0.4841269841269841
857,0.7945205479452054,0.2521865105025286,0.5166508441126977
1053,0.5061274448647404,0.2939216303600348,0.34836989643057226
818,0.9999999999999999,0.28016176140193205,0.5062380006753305
851,0.9315068493150683,0.28959784318130755,0.5079365079365079
278,0.8630136986301368,0.42844304650640297,0.5079365079365079
680,0.9999999999999999,0.45046057065827894,0.5079365079365079
1024,0.7260273972602739,0.21078683235367404,0.27678619741419336
752,0.9315068493150683,0.28016176140193205,0.492063492063492
196,0.8630136986301368,0.28016176140193205,0.492063492063492
430,0.9999999999999999,0.19636036845652657,0.11111111111111105
993,0.9999999999999999,0.45046057065827894,0.5297411212427007
988,0.8558204306771239,0.19501544875522409,0.3792853696489843
711,0.9999999999999999,0.36194113682318574,0.5238095238095238
717,0.9999999999999999,0.28016176140193205,0.5
1011,0.735242475923089,0.4556279487755559,0.492063492063492
223,0.7260273972602739,0.28016176140193205,0.492063492063492
670,0.9999999999999999,0.45046057065827894,0.5079365079365079
1033,0.8630136986301368,0.03489847105709337,0.4427811679205813
495,0.9999999999999999,0.28016176140193205,0.492063492063492
702,0.8630136986301368,0.28959784318130755,0.4907876456175006
